Datums;TestuSkaits;ApstiprinataCOVID19InfekcijaSkaits;Ipatsvars;IzarstetoPacientuSkaits;MirusoPersonuSkaits;ApstiprinatiVecGr_0-9Gadi;ApstiprinatiVecGr_10-19Gadi;ApstiprinatiVecGr_20-29Gadi;ApstiprinatiVecGr_30-39Gadi;ApstiprinatiVecGr_40-49Gadi;ApstiprinatiVecGr_50-59Gadi;ApstiprinatiVecGr_60-69Gadi;ApstiprinatiVecGr_70GadiUnVairak;ApstiprinatiVecGr_70-79Gadi;ApstiprinatiVecGr_80GadiUnVairak;IzveselojusosSkaits;14DienuKumulativaSaslimstibaUz100000Iedzivotaju;ApstCOVID19InfSk_NevakcVakcNepab;ApstCOVID19InfSk_Vakc;Population
2020.02.29.;116;0;0;0;0;...;...;...;...;...;...;...;...;...;…;;0;...;…;1934379
2020.03.01.;10;0;0;0;0;...;...;...;...;...;...;...;...;...;...;;0;...;…;1934379
2020.03.02.;37;0;0;0;0;...;...;...;...;...;...;...;...;...;...;;0;...;…;1934379
2020.03.03.;41;1;2.4;0;0;...;...;...;...;...;...;...;...;...;...;0;0;...;…;1934379
2020.03.04.;36;0;0;1;0;...;...;...;...;...;...;...;...;...;...;1;0;...;…;1934379
2020.03.05.;35;0;0;0;0;...;...;...;...;...;...;...;...;...;...;1;0;...;…;1934379
2020.03.06.;32;0;0;0;0;...;...;...;...;...;...;...;...;...;...;1;0;...;…;1934379
2020.03.07.;14;0;0;0;0;...;...;...;...;...;...;...;...;...;...;1;0;...;…;1934379
2020.03.08.;22;2;9.1;0;0;...;...;...;...;...;...;...;...;...;...;1;0;...;…;1934379
2020.03.09.;48;3;6.3;0;0;...;...;...;...;...;...;...;...;...;...;1;0;...;…;1934379
2020.03.10.;59;2;3.4;0;0;...;...;...;...;...;...;...;...;...;...;1;0;...;…;1934379
2020.03.11.;47;2;4.3;0;0;...;...;...;...;...;...;...;...;...;...;1;0;...;…;1934379
2020.03.12.;79;6;7.6;0;0;...;...;...;...;...;...;...;...;...;...;1;0;...;…;1934379
2020.03.13.;127;1;0.8;0;0;...;...;...;...;...;...;...;...;...;...;1;0;...;…;1934379
2020.03.14.;316;9;2.8;0;0;...;...;...;...;...;...;...;...;...;...;1;0;...;…;1934379
2020.03.15.;334;4;1.2;0;0;...;...;...;...;...;...;...;...;...;...;1;0;...;…;1934379
2020.03.16.;351;4;1.1;0;0;...;...;...;...;...;...;...;...;...;...;1;1.8;...;…;1934379
2020.03.17.;495;26;5.3;0;0;...;...;...;...;...;...;...;...;...;...;1;3.1;...;…;1934379
2020.03.18.;755;11;1.5;0;0;...;...;...;...;...;...;...;...;...;...;1;3.6;...;…;1934379
2020.03.19.;720;15;2.1;0;0;1;1;4;6;2;1;0;0;0;0;1;4.4;...;…;1934379
2020.03.20.;699;23;3.3;0;0;0;2;5;9;4;0;3;0;0;0;1;5.6;...;…;1934379
2020.03.21.;1389;12;0.9;0;0;0;0;0;4;3;1;3;1;1;0;1;6.3;...;…;1934379
2020.03.22.;811;15;1.8;0;0;0;2;4;3;4;1;1;0;0;0;1;6.9;...;…;1934379
2020.03.23.;1185;44;3.7;0;0;2;3;10;13;7;4;3;2;2;0;1;9.1;...;…;1934379
2020.03.24.;887;17;1.9;0;0;1;0;2;5;4;3;2;0;0;0;1;9.8;...;…;1934379
2020.03.25.;1151;24;2.1;0;0;0;1;5;9;6;1;2;0;0;0;1;11;...;…;1934379
2020.03.26.;817;23;2.8;0;0;1;0;6;7;3;3;2;1;1;0;1;11.9;...;…;1934379
2020.03.27.;1089;36;3.3;0;0;1;1;7;12;7;7;0;1;0;1;1;13.7;...;…;1934379
2020.03.28.;1046;25;2.4;0;0;0;1;3;11;3;5;0;2;1;1;1;14.5;...;…;1934379
2020.03.29.;1057;42;4;0;0;1;2;8;10;8;5;6;2;2;0;1;16.5;...;…;1934379
2020.03.30.;502;29;5.8;0;0;1;0;4;6;7;4;6;1;1;0;1;17.8;...;…;1934379
2020.03.31.;500;22;4.4;0;0;0;1;1;9;4;1;5;1;1;0;1;17.6;...;…;1934379
2020.04.01.;1003;48;4.8;0;0;0;0;1;5;7;20;12;3;2;1;1;19.5;...;…;1934379
2020.04.02.;1024;12;1.2;0;0;0;2;2;0;3;4;0;1;1;0;1;19.4;...;…;1934379
2020.04.03.;1364;35;2.6;0;1;1;1;6;4;6;10;2;5;1;4;1;20;...;…;1934379
2020.04.04.;1182;16;1.4;0;1;1;1;1;3;2;5;2;1;1;0;1;20.2;...;…;1934379
2020.04.05.;1300;24;1.8;0;0;1;0;4;6;3;2;7;1;0;1;1;20.7;...;…;1934379
2020.04.06.;773;9;1.2;0;1;0;0;2;1;1;1;1;3;3;0;1;18.9;...;…;1934379
2020.04.07.;1122;6;0.5;0;0;0;0;2;1;2;1;0;0;0;0;1;18.3;...;…;1934379
2020.04.08.;1461;29;2;0;0;0;0;1;6;8;7;4;3;2;1;16;18.5;...;…;1934379
2020.04.09.;1422;12;0.8;0;1;0;1;0;2;5;3;0;1;0;1;16;18;...;…;1934379
2020.04.10.;1198;23;1.9;0;0;0;1;4;6;1;3;3;5;3;2;16;17.3;...;…;1934379
2020.04.11.;1140;18;1.6;0;2;0;3;2;3;4;3;1;2;0;2;16;16.9;...;…;1934379
2020.04.12.;418;21;5;0;1;0;0;6;0;4;1;2;8;6;2;16;15.8;...;…;1934379
2020.04.13.;562;2;0.4;0;0;0;0;0;0;1;0;0;1;0;1;16;14.4;...;…;1934379
2020.04.14.;242;4;1.7;0;0;0;0;0;0;0;0;2;2;2;0;16;13.5;...;…;1934379
2020.04.15.;878;9;1;0;0;2;0;1;0;3;1;1;1;1;0;16;11.5;...;…;1934379
2020.04.16.;1406;9;0.6;0;0;0;1;2;1;1;2;2;0;0;0;16;11.3;...;…;1934379
2020.04.17.;1535;7;0.5;87;1;0;0;0;0;1;1;1;4;3;1;88;9.8;...;…;1934379
2020.04.18.;1860;30;1.6;0;0;0;1;1;2;2;14;8;2;1;1;88;10.6;...;…;1934379
2020.04.19.;1184;15;1.3;0;0;0;1;1;2;2;3;4;2;1;1;88;10.1;...;…;1934379
2020.04.20.;787;12;1.5;0;0;0;3;0;2;1;3;2;1;1;0;88;10.3;...;…;1934379
2020.04.21.;1304;9;0.7;45;3;0;0;1;2;1;2;1;2;2;0;133;10.4;...;…;1934379
2020.04.22.;1364;13;1;0;0;0;0;0;3;2;4;1;3;3;0;133;9.6;...;…;1934379
2020.04.23.;1705;17;1;0;0;3;4;3;0;3;2;2;0;0;0;133;9.8;...;…;1934379
2020.04.24.;2039;6;0.3;134;1;0;0;1;1;1;1;0;2;2;0;267;9;...;…;1934379
2020.04.25.;2663;20;0.8;0;0;0;3;2;3;3;2;3;4;2;2;267;9.1;...;…;1934379
2020.04.26.;1874;8;0.4;0;1;0;0;0;0;2;3;1;2;1;1;267;8.4;...;…;1934379
2020.04.27.;1564;6;0.4;0;0;0;0;1;0;1;2;0;2;1;1;267;8.6;...;…;1934379
2020.04.28.;2380;18;0.8;0;2;0;0;2;3;8;3;2;0;0;0;267;9.3;...;…;1934379
2020.04.29.;3250;13;0.4;81;0;0;0;3;1;4;1;1;3;2;1;348;9.5;...;…;1934379
2020.04.30.;3075;9;0.3;0;1;0;0;1;2;2;2;1;1;0;1;348;9.5;...;…;1934379
2020.05.01.;3234;12;0.4;0;0;0;0;0;2;4;2;3;1;1;0;348;9.8;...;…;1934379
2020.05.02.;1982;1;0.1;0;1;0;0;0;0;0;1;0;0;0;0;348;8.3;...;…;1934379
2020.05.03.;1143;8;0.7;0;0;0;0;3;0;0;0;1;4;1;3;348;7.9;...;…;1934379
2020.05.04.;1219;17;1.4;0;1;0;0;0;1;1;4;6;5;1;4;348;8.2;...;…;1934379
2020.05.05.;686;0;0;0;0;0;0;0;0;0;0;0;0;0;0;348;7.7;...;…;1934379
2020.05.06.;2477;4;0.2;116;0;0;0;1;0;2;0;0;1;0;1;464;7.2;...;…;1934379
2020.05.07.;2442;9;0.4;0;0;0;0;1;0;4;3;1;0;0;0;464;6.8;...;…;1934379
2020.05.08.;1947;19;1;0;0;1;1;2;3;6;3;0;3;0;3;464;7.5;...;…;1934379
2020.05.09.;2555;2;0.1;0;0;0;0;0;1;0;0;0;1;1;0;464;6.6;...;…;1934379
2020.05.10.;1021;9;0.9;0;0;0;2;0;1;0;0;4;2;0;2;464;6.6;...;…;1934379
2020.05.11.;555;7;1.3;0;0;0;0;0;1;1;0;4;1;1;0;464;6.7;...;…;1934379
2020.05.12.;1900;4;0.2;163;1;0;1;0;1;1;0;0;1;0;1;627;5.9;...;…;1934379
2020.05.13.;2199;1;0.05;0;0;0;0;1;0;0;0;0;0;0;0;627;5.3;...;…;1934379
2020.05.14.;2029;11;0.5;0;0;0;0;3;1;2;0;1;4;2;2;627;5.4;...;…;1934379
2020.05.15.;2156;8;0.4;35;0;0;0;1;2;0;1;0;4;3;1;662;5.2;...;…;1934379
2020.05.16.;1946;27;1.4;0;0;1;1;0;2;1;6;2;14;5;9;662;6.6;...;…;1934379
2020.05.17.;1028;11;1.1;0;1;0;0;0;1;2;1;4;3;2;1;662;6.7;...;…;1934379
2020.05.18.;718;1;0.1;0;1;0;0;0;0;0;0;0;1;0;1;694;5.9;...;…;1934379
2020.05.19.;1845;3;0.2;32;0;0;0;0;0;1;0;1;1;0;1;694;6;...;…;1934379
2020.05.20.;1783;4;0.2;0;0;0;0;1;0;1;0;1;1;1;0;694;6;...;…;1934379
2020.05.21.;1870;9;0.5;0;1;1;0;1;2;1;2;0;2;1;1;694;6;...;…;1934379
2020.05.22.;1745;5;0.3;18;0;0;0;2;1;1;1;0;0;0;0;712;5.3;...;…;1934379
2020.05.23.;1480;16;1.1;0;0;0;0;1;2;2;2;2;7;0;7;712;6;...;…;1934379
2020.05.24.;1203;1;0.1;0;1;0;0;1;0;0;0;0;0;0;0;712;5.6;...;…;1934379
2020.05.25.;721;2;0.3;0;0;0;0;1;0;0;0;1;0;0;0;712;5.4;...;…;1934379
2020.05.26.;1828;4;0.2;29;0;0;0;1;1;0;1;1;0;0;0;741;5.4;...;…;1934379
2020.05.27.;1955;4;0.2;0;1;0;1;0;1;0;0;1;1;0;1;741;5.5;...;…;1934379
2020.05.28.;1951;4;0.2;0;0;0;1;0;0;0;1;1;1;0;1;741;5.2;...;…;1934379
2020.05.29.;1427;3;0.2;4;0;0;0;1;0;1;0;1;0;0;0;745;4.9;...;…;1934379
2020.05.30.;1243;1;0.1;0;0;0;0;1;0;0;0;0;0;0;0;745;3.5;...;…;1934379
2020.05.31.;897;1;0.1;0;1;0;0;0;1;0;0;0;0;0;0;745;3;...;…;1934379
2020.06.01.;652;0;0;0;0;0;0;0;0;0;0;0;0;0;0;745;3;...;…;1934379
2020.06.02.;1681;5;0.3;15;0;0;0;1;0;0;2;0;2;2;0;760;3.1;...;…;1934379
2020.06.03.;1561;8;0.5;0;0;0;0;1;0;4;0;1;2;2;0;760;3.3;...;…;1934379
2020.06.04.;1486;3;0.2;0;0;0;0;0;2;1;0;0;0;0;0;760;3;...;…;1934379
2020.06.05.;1010;3;0.3;21;0;0;1;0;0;2;0;0;0;0;0;781;2.9;...;…;1934379
2020.06.06.;1074;1;0.1;0;0;0;0;0;1;0;0;0;0;0;0;781;2.1;...;…;1934379
2020.06.07.;1125;2;0.2;0;0;0;0;1;0;0;0;0;1;1;0;781;2.1;...;…;1934379
2020.06.08.;662;0;0;0;1;0;0;0;0;0;0;0;0;0;0;781;2;...;…;1934379
2020.06.09.;1730;1;0.1;13;0;0;0;0;0;1;0;0;0;0;0;794;1.9;...;…;1934379
2020.06.10.;1731;3;0.2;0;0;0;0;0;1;1;0;0;1;1;0;794;1.8;...;…;1934379
2020.06.11.;1581;2;0.1;24;0;0;0;1;1;0;0;0;0;0;0;818;1.7;...;…;1934379
2020.06.12.;1298;2;0.2;0;2;0;0;0;0;2;0;0;0;0;0;818;1.7;...;…;1934379
2020.06.13.;1392;1;0.1;27;0;0;0;0;0;1;0;0;0;0;0;845;1.7;...;…;1934379
2020.06.14.;1396;0;0;0;0;0;0;0;0;0;0;0;0;0;0;845;1.6;...;…;1934379
2020.06.15.;695;0;0;0;0;0;0;0;0;0;0;0;0;0;0;845;1.6;...;…;1934379
2020.06.16.;1691;1;0.1;30;2;0;0;0;0;0;1;0;0;0;0;875;1.4;...;…;1934379
2020.06.17.;1810;6;0.3;0;0;1;1;0;1;2;1;0;0;0;0;875;1.3;...;…;1934379
2020.06.18.;1911;4;0.2;28;0;1;0;0;1;0;1;1;0;0;0;903;1.4;...;…;1934379
2020.06.19.;1324;2;0.1;0;0;0;0;0;0;0;2;0;0;0;0;903;1.3;...;…;1934379
2020.06.20.;1686;1;0.1;0;0;0;0;0;0;0;1;0;0;0;0;903;1.3;...;…;1934379
2020.06.21.;1294;0;0;0;0;0;0;0;0;0;0;0;0;0;0;903;1.2;...;…;1934379
2020.06.22.;1163;0;0;0;0;0;0;0;0;0;0;0;0;0;0;903;1.2;...;…;1934379
2020.06.23.;1413;0;0;0;0;0;0;0;0;0;0;0;0;0;0;903;1.1;...;…;1934379
2020.06.24.;1276;0;0;0;0;0;0;0;0;0;0;0;0;0;0;903;1;...;…;1934379
2020.06.25.;1081;0;0;0;0;0;0;0;0;0;0;0;0;0;0;903;0.9;...;…;1934379
2020.06.26.;2292;1;0.04;29;0;0;0;0;0;0;1;0;0;0;0;932;0.8;...;…;1934379
2020.06.27.;1788;3;0.2;0;0;0;0;0;1;1;0;0;0;0;1;932;0.9;...;…;1934379
2020.06.28.;1042;1;0.1;0;0;0;0;0;1;0;0;0;0;0;0;932;1;...;…;1934379
2020.06.29.;861;1;0.1;0;0;0;0;0;1;0;0;0;0;0;0;932;1;...;…;1934379
2020.06.30.;2060;1;0.05;42;0;0;0;0;0;0;0;1;0;0;0;974;1;...;…;1934379
2020.07.01.;1941;3;0.2;0;0;0;0;1;1;0;1;0;0;0;0;974;0.9;...;…;1934379
2020.07.02.;1716;1;0.1;14;0;0;0;0;1;0;0;0;0;0;0;988;0.7;...;…;1934379
2020.07.03.;1105;0;0;9;0;0;0;0;0;0;0;0;0;0;0;997;0.6;...;…;1934379
2020.07.04.;1185;1;0.08;3;0;0;0;1;0;0;0;0;0;0;0;1000;0.6;...;…;1934379
2020.07.05.;1042;1;0.1;0;0;0;0;0;0;0;0;1;0;0;0;1000;0.7;...;…;1934379
2020.07.06.;692;3;0.4;0;0;0;0;1;0;2;0;0;0;0;0;1000;0.8;...;…;1934379
2020.07.07.;1763;7;0.4;8;0;0;0;2;1;3;1;0;0;0;0;1008;1.2;...;…;1934379
2020.07.08.;1773;7;0.4;0;0;0;0;3;3;0;1;0;0;0;0;1008;1.6;...;…;1934379
2020.07.09.;1715;13;0.8;11;0;1;2;3;2;2;2;0;1;1;0;1019;2.2;...;…;1934379
2020.07.10.;1841;11;0.6;0;0;0;3;2;4;1;0;1;0;0;0;1019;2.8;...;…;1934379
2020.07.11.;1870;8;0.4;0;0;0;0;2;4;2;0;0;0;0;0;1019;3;...;…;1934379
2020.07.12.;1467;0;0;0;0;0;0;0;0;0;0;0;0;0;0;1019;3;...;…;1934379
2020.07.13.;996;1;0.1;0;1;0;0;0;0;0;0;1;0;0;0;1019;3;...;…;1934379
2020.07.14.;2135;0;0;3;0;0;0;0;0;0;0;0;0;0;0;1022;2.9;...;…;1934379
2020.07.15.;1979;4;0.2;0;0;0;0;1;2;0;1;0;0;0;0;1022;3;...;…;1934379
2020.07.16.;1639;1;0.06;0;0;0;0;0;0;0;0;0;1;1;0;1022;3;...;…;1934379
2020.07.17.;2189;6;0.3;0;0;0;0;3;1;0;2;0;0;0;0;1022;3.3;...;…;1934379
2020.07.18.;1751;4;0.2;0;0;0;0;1;2;1;0;0;0;0;0;1022;3.4;...;…;1934379
2020.07.19.;1292;3;0.2;0;0;0;0;2;0;0;0;0;1;0;1;1022;3.5;...;…;1934379
2020.07.20.;1297;0;0;0;0;0;0;0;0;0;0;0;0;0;0;1022;3.4;...;…;1934379
2020.07.21.;1385;1;0.1;23;0;0;0;1;0;0;0;0;0;0;0;1045;3.1;...;…;1934379
2020.07.22.;1613;4;0.2;0;0;0;1;1;1;1;0;0;0;0;0;1045;2.9;...;…;1934379
2020.07.23.;1752;6;0.3;0;0;0;0;2;1;1;1;0;1;1;0;1045;2.6;...;…;1934379
2020.07.24.;1510;2;0.1;0;0;0;0;0;0;0;0;1;1;1;0;1045;2.1;...;…;1934379
2020.07.25.;1240;1;0.1;0;0;0;0;0;0;0;0;1;0;0;0;1045;1.7;...;…;1934379
2020.07.26.;1345;13;1;0;0;0;2;1;1;4;1;2;2;2;0;1045;2.4;...;…;1934379
2020.07.27.;801;0;0;0;0;0;0;0;0;0;0;0;0;0;0;1045;2.3;...;…;1934379
2020.07.28.;1574;1;0.06;7;0;0;0;1;0;0;0;0;0;0;0;1052;2.4;...;…;1934379
2020.07.29.;1886;4;0.2;0;1;0;0;0;2;0;0;2;0;0;0;1052;2.4;...;…;1934379
2020.07.30.;1704;4;0.2;0;0;0;0;1;0;1;1;0;0;0;1;1052;2.6;...;…;1934379
2020.07.31.;1473;3;0.2;0;0;0;1;0;0;1;1;0;0;0;0;1052;2.4;...;…;1934379
2020.08.01.;1448;7;0.5;0;0;0;1;1;0;0;4;1;0;0;0;1052;2.6;...;…;1934379
2020.08.02.;1354;5;0.4;0;0;1;1;0;0;0;2;0;1;1;0;1052;2.7;...;…;1934379
2020.08.03.;687;3;0.4;0;0;0;0;0;0;1;0;0;2;1;1;1052;2.8;...;…;1934379
2020.08.04.;1871;3;0.2;18;0;0;0;2;0;0;0;1;0;0;0;1070;2.9;...;…;1934379
2020.08.05.;2212;8;0.4;0;0;0;3;1;1;3;0;0;0;0;0;1070;3.1;...;…;1934379
2020.08.06.;1829;18;1;0;0;0;8;1;1;2;2;3;1;0;1;1070;3.8;...;…;1934379
2020.08.07.;2137;6;0.3;0;0;0;1;0;2;0;0;1;2;2;0;1070;4;...;…;1934379
2020.08.08.;1891;7;0.4;0;0;0;1;1;0;2;1;2;0;0;0;1070;4.3;...;…;1934379
2020.08.09.;1597;2;0.1;0;0;0;1;0;0;0;1;0;0;0;0;1070;3.7;...;…;1934379
2020.08.10.;668;0;0;0;0;0;0;0;0;0;0;0;0;0;0;1070;3.7;...;…;1934379
2020.08.11.;2328;3;0.1;8;0;0;1;0;0;1;0;0;1;1;0;1078;3.8;...;…;1934379
2020.08.12.;2226;10;0.4;0;0;1;1;3;2;1;0;1;1;0;1;1078;4.1;...;…;1934379
2020.08.13.;2071;4;0.2;0;0;0;0;0;2;0;2;0;0;0;0;1078;4.1;...;…;1934379
2020.08.14.;1704;1;0.1;0;0;0;0;1;0;0;0;0;0;0;0;1078;4;...;…;1934379
2020.08.15.;1881;7;0.4;0;0;1;1;2;1;1;1;0;0;0;0;1078;4;...;…;1934379
2020.08.16.;1224;7;0.6;0;0;1;0;0;1;2;0;1;2;1;1;1078;4.1;...;…;1934379
2020.08.17.;888;1;0.1;0;1;0;0;0;0;1;0;0;0;0;0;1078;4;...;…;1934379
2020.08.18.;2234;0;0;15;0;0;0;0;0;0;0;0;0;0;0;1093;3.9;...;…;1934379
2020.08.19.;2163;3;0.1;0;0;0;0;1;1;0;1;0;0;0;0;1093;3.6;...;…;1934379
2020.08.20.;1997;1;0.1;0;0;0;0;0;0;0;1;0;0;0;0;1093;2.7;...;…;1934379
2020.08.21.;1602;3;0.2;0;0;0;0;1;0;0;2;0;0;0;0;1093;2.6;...;…;1934379
2020.08.22.;1777;3;0.2;0;0;0;0;0;0;2;0;0;1;1;0;1093;2.3;...;…;1934379
2020.08.23.;1180;4;0.3;0;0;1;0;0;1;2;0;0;0;0;0;1093;2.4;...;…;1934379
2020.08.24.;926;0;0;0;0;0;0;0;0;0;0;0;0;0;0;1093;2.4;...;…;1934379
2020.08.25.;2130;5;0.2;42;0;0;0;3;0;0;2;0;0;0;0;1135;2.6;...;…;1934379
2020.08.26.;2290;18;0.8;0;1;4;4;4;1;2;1;1;1;0;1;1135;3;...;…;1934379
2020.08.27.;2004;6;0.3;28;0;0;0;2;1;2;0;0;1;1;0;1163;3.1;...;…;1934379
2020.08.28.;2040;9;0.4;0;0;0;0;3;1;1;1;2;1;1;0;1163;3.5;...;…;1934379
2020.08.29.;2065;6;0.3;0;0;2;0;1;2;0;0;0;1;1;0;1163;3.4;...;…;1934379
2020.08.30.;1777;12;0.7;0;0;0;2;4;2;2;1;1;0;0;0;1163;3.7;...;…;1934379
2020.08.31.;1008;3;0.3;0;0;0;0;2;0;1;0;0;0;0;0;1163;3.8;...;…;1934379
2020.09.01.;2101;8;0.4;10;0;0;0;1;1;1;2;3;0;0;0;1173;4.2;...;…;1934379
2020.09.02.;2532;2;0.1;0;0;0;0;1;1;0;0;0;0;0;0;1173;4.2;...;…;1934379
2020.09.03.;2445;4;0.2;14;1;0;0;0;2;0;1;1;0;0;0;1187;4.3;...;…;1934379
2020.09.04.;1903;6;0.3;0;0;0;0;2;2;1;0;1;0;0;0;1187;4.5;...;…;1934379
2020.09.05.;1964;9;0.5;0;0;1;1;3;1;1;2;0;0;0;0;1187;4.8;...;…;1934379
2020.09.06.;1596;3;0.2;0;0;0;0;0;0;0;2;1;0;0;0;1187;4.7;...;…;1934379
2020.09.07.;1047;1;0.1;0;0;0;0;0;1;0;0;0;0;0;0;1187;4.8;...;…;1934379
2020.09.08.;2395;3;0.1;47;0;0;1;0;0;1;1;0;0;0;0;1234;4.7;...;…;1934379
2020.09.09.;2397;11;0.5;0;0;0;0;5;1;0;3;1;1;0;1;1234;4.3;...;…;1934379
2020.09.10.;2284;5;0.2;14;0;0;1;1;1;0;2;0;0;0;0;1234;4.3;...;…;1934379
2020.09.11.;2445;11;0.4;0;0;0;2;4;2;1;1;1;0;0;0;1234;4.4;...;…;1934379
2020.09.12.;2258;5;0.2;0;0;0;0;2;0;1;1;0;1;1;0;1248;4.3;...;…;1934379
2020.09.13.;1583;10;0.6;0;0;1;1;1;2;1;3;1;0;0;0;1248;4.2;...;…;1934379
2020.09.14.;1451;3;0.2;0;0;0;0;0;3;0;0;0;0;0;0;1248;4.2;...;…;1934379
2020.09.15.;2717;5;0.2;0;0;0;0;2;2;0;0;1;0;0;0;1248;4.1;...;…;1934379
2020.09.16.;3041;4;0.1;0;0;1;0;0;0;1;2;0;0;0;0;1248;4.2;...;…;1934379
2020.09.17.;2767;8;0.3;0;1;0;0;0;1;4;2;1;0;0;0;1248;4.4;...;…;1934379
2020.09.18.;2264;4;0.2;0;0;0;0;0;0;2;1;0;1;0;1;1248;4.3;...;…;1934379
2020.09.19.;2402;17;0.7;0;0;0;3;3;3;4;3;0;1;1;0;1248;4.7;...;…;1934379
2020.09.20.;1933;10;0.5;0;0;1;1;1;2;2;2;0;1;1;0;1248;5.1;...;…;1934379
2020.09.21.;1153;1;0.1;0;0;0;0;1;0;0;0;0;0;0;0;1248;5.1;...;…;1934379
2020.09.22.;2690;34;1.3;0;0;3;2;7;6;6;6;3;1;1;0;1248;6.7;...;…;1934379
2020.09.23.;2733;12;0.4;0;0;1;1;0;1;2;4;2;1;0;1;1248;6.7;...;…;1934379
2020.09.24.;2403;22;0.9;0;0;3;1;4;2;2;4;3;3;3;0;1248;7.6;...;…;1934379
2020.09.25.;2431;31;1.3;34;0;2;0;3;8;8;5;3;2;1;1;1282;8.6;...;…;1934379
2020.09.26.;2520;29;1.1;22;0;2;3;1;8;3;4;7;1;0;1;1304;9.9;...;…;1934379
2020.09.27.;1660;22;1.3;0;0;3;1;4;4;0;4;4;2;2;0;1304;10.5;...;…;1934379
2020.09.28.;1398;21;1.5;0;0;3;2;3;8;2;1;1;1;1;0;1304;11.5;...;…;1934379
2020.09.29.;3517;32;0.9;3;1;4;1;2;11;3;3;6;2;2;0;1307;12.9;...;…;1934379
2020.09.30.;4271;95;2.2;0;0;5;15;12;13;11;18;16;5;4;1;1307;17.6;...;…;1934379
2020.10.01.;4699;44;0.9;0;0;9;2;3;5;12;6;5;2;2;0;1307;19.5;...;…;1934379
2020.10.02.;3914;77;2;0;1;11;14;11;11;8;9;9;4;2;2;1307;23.3;...;…;1934379
2020.10.03.;3654;74;2;0;0;5;12;12;15;5;8;11;6;6;0;1307;26.3;...;…;1934379
2020.10.04.;2544;67;2.6;0;0;8;13;9;10;9;10;6;2;0;2;1307;29.2;...;…;1934379
2020.10.05.;1748;40;2.3;0;1;0;4;3;2;12;7;9;3;2;1;1307;31.3;...;…;1934379
2020.10.06.;3818;68;1.8;15;0;5;10;3;7;17;11;11;4;3;1;1322;33;...;…;1934379
2020.10.07.;4426;67;1.5;0;1;4;7;12;9;13;10;7;5;3;2;1322;35.9;...;…;1934379
2020.10.08.;4416;109;2.5;0;0;4;13;12;9;20;17;21;13;10;3;1322;40.4;...;…;1934379
2020.10.09.;4551;137;3;0;0;5;21;10;14;18;28;30;11;8;3;1322;45.9;...;…;1934379
2020.10.10.;4710;89;1.9;0;0;3;11;11;16;11;26;9;2;2;0;1322;49.1;...;…;1934379
2020.10.11.;3345;74;2.2;0;0;3;11;15;10;9;12;9;5;3;2;1322;51.8;...;…;1934379
2020.10.12.;2169;95;4.4;3;0;9;54;7;11;3;1;3;7;4;3;1325;55.6;...;…;1934379
2020.10.13.;4433;75;1.7;0;1;4;10;10;13;13;4;14;7;5;2;1325;57.9;...;…;1934379
2020.10.14.;5078;102;2;0;0;4;10;8;24;18;20;13;5;4;1;1329;58.2;...;…;1934379
2020.10.15.;4667;114;2.4;4;0;5;19;15;25;17;17;9;7;6;1;1329;61.9;...;…;1934379
2020.10.16.;4759;148;3.1;0;1;28;21;13;27;18;21;13;7;3;4;1329;65.6;...;…;1934379
2020.10.17.;5332;188;3.5;0;1;19;29;35;29;21;21;21;13;10;3;1329;71.5;...;…;1934379
2020.10.18.;2690;58;2.2;0;1;4;6;7;14;6;9;8;4;2;2;1329;71;...;…;1934379
2020.10.19.;2215;44;2;12;0;2;5;8;9;6;9;4;1;0;1;1341;71.3;...;…;1934379
2020.10.20.;4171;115;2.8;0;3;4;13;28;26;17;16;6;5;4;1;1341;73.7;...;…;1934379
2020.10.21.;5312;188;3.5;0;0;10;14;42;35;35;24;13;15;9;6;1341;80;...;…;1934379
2020.10.22.;5510;161;2.9;16;2;5;18;27;23;25;24;15;24;14;10;1357;82.7;...;…;1934379
2020.10.23.;5726;250;4.4;0;1;9;34;47;41;38;42;27;12;2;10;1357;88.6;...;…;1934379
2020.10.24.;5632;259;4.6;0;4;5;31;53;47;33;45;28;17;11;6;1357;97.4;...;…;1934379
2020.10.25.;4458;211;4.7;0;2;5;35;38;30;29;29;26;19;12;7;1357;104.6;...;…;1934379
2020.10.26.;2237;79;3.5;0;4;5;14;14;11;13;8;5;9;6;3;1375;103.8;...;…;1934379
2020.10.27.;5093;136;2.7;25;3;1;7;18;31;23;18;15;23;9;14;1382;106.9;...;…;1934379
2020.10.28.;6015;251;4.2;0;0;3;22;36;33;49;44;32;32;16;16;1382;114.7;...;…;1934379
2020.10.29.;5105;251;4.9;24;1;5;30;42;52;39;34;28;21;14;7;1406;121.8;...;…;1934379
2020.10.30.;5964;284;4.8;0;5;7;21;40;50;55;55;39;17;12;5;1406;128.9;...;…;1934379
2020.10.31.;5844;215;3.7;0;2;4;25;33;33;48;30;31;11;8;3;1406;130.3;...;…;1934379
2020.11.01.;3898;242;6.2;0;3;3;18;43;48;45;46;23;16;11;5;1406;139.9;...;…;1934379
2020.11.02.;2258;132;5.8;0;3;4;9;18;30;17;30;11;13;9;4;1406;144.5;...;…;1934379
2020.11.03.;5235;171;3.3;38;2;4;15;23;26;22;27;23;31;10;21;1444;147.4;...;…;1934379
2020.11.04.;7328;313;4.3;0;6;8;16;47;58;55;48;46;35;20;15;1444;153.9;...;…;1934379
2020.11.05.;7564;367;4.9;0;3;10;27;36;51;74;53;46;70;29;41;1444;164.6;...;…;1934379
2020.11.06.;7018;357;5.1;0;7;11;32;42;51;56;61;46;58;30;28;1444;170.2;...;…;1934379
2020.11.07.;6651;404;6.1;0;1;7;34;58;64;79;79;53;30;20;10;1466;177.8;...;…;1934379
2020.11.08.;3744;215;5.7;22;3;14;16;25;34;36;38;33;19;11;8;1466;178;...;…;1934379
2020.11.09.;2398;92;3.8;0;2;4;4;12;11;15;21;13;12;4;8;1466;178.6;...;…;1934379
2020.11.10.;6731;208;3.3;5;2;6;15;23;41;41;32;30;20;15;5;1471;182.4;...;…;1934379
2020.11.11.;7621;453;5.9;0;2;9;26;46;77;82;82;67;64;32;32;1471;192.9;...;…;1934379
2020.11.12.;6833;533;7.8;44;2;19;76;68;88;97;76;65;44;28;16;1515;207.6;...;…;1934379
2020.11.13.;6734;455;6.8;0;9;18;29;53;75;86;65;65;64;39;25;1515;216.5;...;…;1934379
2020.11.14.;6442;395;6.1;0;5;8;21;49;86;76;57;59;39;19;20;1515;225.9;...;…;1934379
2020.11.15.;4058;316;7.8;0;2;17;28;37;58;59;42;48;27;19;8;1515;229.7;...;…;1934379
2020.11.16.;2343;89;3.8;0;3;7;3;8;16;17;13;11;14;8;6;1515;227.5;...;…;1934379
2020.11.17.;6059;278;4.6;42;6;3;15;27;79;42;46;42;24;12;12;1557;233.1;...;…;1934379
2020.11.18.;7857;442;5.6;0;5;20;39;62;81;76;76;50;38;27;11;1557;239.8;...;…;1934379
2020.11.19.;3323;366;11;0;4;9;23;42;57;81;62;61;31;17;14;1557;239.7;...;…;1934379
2020.11.20.;7016;380;5.4;0;5;17;21;45;84;71;53;63;26;11;15;1576;240.9;...;…;1934379
2020.11.21.;7204;642;8.9;0;7;21;35;73;111;54;197;82;69;44;25;1576;253.3;...;…;1934379
2020.11.22.;4079;376;9.2;78;0;15;14;43;69;62;75;42;56;30;26;1635;261.7;...;…;1934379
2020.11.23.;2256;116;5.1;0;9;7;4;12;20;16;27;12;18;11;7;1635;263;...;…;1934379
2020.11.24.;7975;457;5.7;16;13;9;13;47;80;92;103;69;44;33;11;1651;275.9;...;…;1934379
2020.11.25.;8627;580;6.7;35;9;12;42;68;116;104;114;82;42;27;15;1686;282.6;...;…;1934379
2020.11.26.;8024;898;11.2;33;4;32;41;91;143;162;150;138;141;62;79;1719;301.6;...;…;1934379
2020.11.27.;7193;637;8.9;0;2;17;35;78;123;102;127;93;62;38;24;1719;311;...;…;1934379
2020.11.28.;7645;753;9.8;0;3;26;38;70;166;148;122;107;76;51;25;1719;329.7;...;…;1934379
2020.11.29.;4037;414;10.3;0;4;22;25;45;72;83;62;63;42;30;12;1783;334.8;...;…;1934379
2020.11.30.;2135;100;4.7;76;9;1;4;7;14;17;24;15;18;9;9;1795;335.4;...;…;1934379
2020.12.01.;7810;612;7.8;11;4;13;27;66;94;109;112;102;89;53;36;1806;352.8;...;…;1934379
2020.12.02.;9002;690;7.8;17;14;39;45;73;132;130;130;90;51;35;16;1823;365.7;...;…;1934379
2020.12.03.;8670;930;10.7;25;11;26;40;86;129;158;163;153;175;104;71;1848;395.1;...;…;1934379
2020.12.04.;8065;686;8.5;1;7;18;36;62;129;109;158;99;75;47;28;1849;411;...;…;1934379
2020.12.05.;8695;794;9.1;17;11;13;29;59;103;111;129;153;197;74;123;1866;418.9;...;…;1934379
2020.12.06.;5822;526;9;0;9;10;20;50;85;79;112;100;70;41;29;1866;426.7;...;…;1934379
2020.12.07.;3296;207;6.3;0;10;6;8;21;30;37;38;37;30;15;15;13074;431.5;...;…;1934379
2020.12.08.;9764;584;6;0;16;6;12;52;105;110;115;102;82;48;34;13518;438.1;...;…;1934379
2020.12.09.;8748;712;8.1;0;5;19;21;71;144;137;136;102;82;48;34;14089;445;...;…;1934379
2020.12.10.;9642;890;9.2;0;11;15;42;88;144;141;167;136;157;79;78;14983;444.5;...;…;1934379
2020.12.11.;10356;680;6.6;0;15;18;33;58;122;98;124;114;113;47;66;15618;446.8;...;…;1934379
2020.12.12.;8936;660;7.4;0;5;23;40;73;122;115;108;94;85;49;36;16368;441.9;...;…;1934379
2020.12.13.;5391;629;11.7;0;25;13;36;73;88;97;106;102;114;65;49;16778;453.1;...;…;1934379
2020.12.14.;2811;210;7.5;0;3;5;8;22;44;35;23;27;46;23;23;16869;458.9;...;…;1934379
2020.12.15.;9400;587;6.2;0;5;13;15;48;113;103;122;81;92;47;45;17477;457.6;...;…;1934379
2020.12.16.;9887;1023;10.3;0;25;19;34;84;150;162;178;179;217;103;114;18153;474.9;...;…;1934379
2020.12.17.;10344;1040;10.1;0;12;22;32;105;166;179;220;177;139;75;64;19072;480.6;...;…;1934379
2020.12.18.;9748;892;9.2;0;15;22;33;117;180;150;161;119;110;63;47;19751;491.4;...;…;1934379
2020.12.19.;10057;870;8.7;0;18;26;30;100;157;149;179;130;99;56;43;20534;495.3;...;…;1934379
2020.12.20.;5545;643;11.6;0;12;10;17;69;97;100;153;109;88;60;28;21051;501.4;...;…;1934379
2020.12.21.;3730;395;10.6;0;4;14;9;44;68;67;71;67;55;22;33;21248;511.2;...;…;1934379
2020.12.22.;10911;1004;9.8;0;16;28;38;99;166;164;203;156;150;82;68;21816;533.1;...;…;1934379
2020.12.23.;12155;1145;9.4;0;20;16;49;135;229;180;220;182;134;67;67;22523;555.6;...;…;1934379
2020.12.24.;11597;1270;11;0;7;38;56;130;233;207;242;192;172;100;72;23402;575.4;...;…;1934379
2020.12.25.;4029;666;16.5;0;16;4;32;73;124;134;125;103;71;38;33;24067;574.7;...;…;1934379
2020.12.26.;3001;399;13.3;0;13;15;12;44;73;76;82;50;47;29;18;24722;561.1;...;…;1934379
2020.12.27.;5054;511;10.1;0;44;12;21;45;79;88;112;85;69;45;24;25326;555;...;…;1934379
2020.12.28.;4437;508;11.5;0;19;10;14;55;117;80;87;70;75;44;31;25533;570.5;...;…;1934379
2020.12.29.;11207;838;7.5;0;25;14;34;83;145;158;159;138;107;52;55;26115;583.6;...;…;1934379
2020.12.30.;11971;1367;11.4;0;23;26;59;133;259;215;260;209;206;121;85;27113;601.5;...;…;1934379
2020.12.31.;12395;1861;15;0;9;37;82;217;331;280;360;259;295;148;147;28141;644.2;...;…;1934379
2021.01.01.;3960;711;18;0;9;9;43;100;143;101;125;116;74;42;32;29018;638.9;...;…;1934379
2021.01.02.;2498;314;12.6;0;24;4;9;34;65;53;43;49;57;26;31;29870;609.7;...;…;1934379
2021.01.03.;5896;568;9.6;0;12;10;33;69;100;84;90;85;97;45;52;30501;605.8;...;…;1934379
2021.01.04.;5550;621;11.2;0;12;5;29;68;133;114;123;87;62;41;21;30892;617.7;...;…;1934379
2021.01.05.;12352;824;6.7;0;30;10;32;116;143;137;160;114;112;66;46;31880;608.2;...;…;1934379
2021.01.06.;13946;1229;8.8;0;32;9;61;160;220;216;246;179;138;73;65;33005;612.6;...;…;1934379
2021.01.07.;13525;1374;10.2;0;36;34;84;173;238;243;266;201;135;80;55;34268;618.1;...;…;1934379
2021.01.08.;12799;1237;9.7;0;11;22;74;159;202;211;205;163;201;109;92;34918;648;...;…;1934379
2021.01.09.;11338;1170;10.3;0;17;27;65;148;191;188;244;167;140;83;57;35304;688.4;...;…;1934379
2021.01.10.;6336;616;9.7;0;31;10;35;62;78;80;112;82;157;64;93;35771;693.9;...;…;1934379
2021.01.11.;4179;331;7.9;0;15;6;10;33;46;57;67;43;69;40;29;36260;684.7;...;…;1934379
2021.01.12.;12516;878;7;0;18;15;34;119;156;168;157;137;92;55;37;37073;686.8;...;…;1934379
2021.01.13.;12293;1255;10.2;0;27;28;56;126;210;217;235;182;201;85;116;38417;680.9;...;…;1934379
2021.01.14.;12224;950;7.8;0;11;23;60;92;160;168;176;131;140;84;56;40269;633.1;...;…;1934379
2021.01.15.;12453;1084;8.8;0;15;22;41;130;187;224;192;145;143;85;58;40971;652.7;...;…;1934379
2021.01.16.;11804;1031;8.7;0;26;30;54;102;173;156;202;142;172;89;83;41261;690.3;...;…;1934379
2021.01.17.;6576;567;8.6;0;17;19;30;80;108;80;94;81;75;39;36;41817;690.2;...;…;1934379
2021.01.18.;3423;244;7.1;0;5;2;4;36;42;43;40;44;33;19;14;42426;670.4;...;…;1934379
2021.01.19.;13629;812;6;0;29;16;31;52;152;163;166;139;93;58;35;42408;669.8;...;…;1934379
2021.01.20.;12732;1088;8.5;0;20;27;51;111;188;162;217;160;172;89;83;42517;662.4;...;…;1934379
2021.01.21.;11816;902;7.6;0;25;30;48;80;146;168;184;137;109;53;56;42953;637.7;...;…;1934379
2021.01.22.;12397;876;7.1;0;19;32;52;71;146;166;169;129;111;72;39;46981;618.8;...;…;1934379
2021.01.23.;10598;910;8.6;0;21;27;41;87;128;167;179;146;135;79;56;48134;605.1;...;…;1934379
2021.01.24.;5506;512;9.3;0;14;12;31;53;102;83;82;70;79;46;33;48719;599.7;...;…;1934379
2021.01.25.;3901;223;5.7;0;3;7;8;35;48;27;40;30;28;15;13;49035;594;...;…;1934379
2021.01.26.;12552;693;5.5;0;12;15;34;90;104;118;133;106;93;54;39;49895;584.3;...;…;1934379
2021.01.27.;12197;1103;9;0;12;30;64;121;185;184;228;150;141;65;76;51123;576.4;...;…;1934379
2021.01.28.;10982;965;8.8;0;10;39;50;106;191;158;171;143;107;57;50;52062;577.1;...;…;1934379
2021.01.29.;11507;931;8.1;0;18;28;47;104;138;149;194;149;122;70;52;53131;569.1;...;…;1934379
2021.01.30.;9960;785;7.9;0;14;34;45;89;132;141;140;99;105;50;55;54136;556.2;...;…;1934379
2021.01.31.;5361;533;9.9;0;15;15;36;57;106;73;107;64;75;43;32;54686;554.4;...;…;1934379
2021.02.01.;3944;411;10.4;0;7;12;22;62;87;67;60;54;47;27;20;54925;563.2;...;…;1934379
2021.02.02.;12949;775;6;0;17;23;31;78;157;143;147;107;89;50;39;55708;561.3;...;…;1934379
2021.02.03.;12317;1231;10;0;31;50;75;136;211;202;210;168;179;101;78;56776;568.8;...;…;1934379
2021.02.04.;11818;742;6.3;0;31;30;54;93;127;125;129;93;91;46;45;57653;560.4;...;…;1934379
2021.02.05.;11495;876;7.6;0;28;33;56;105;146;144;151;142;99;58;41;58510;560.4;...;…;1934379
2021.02.06.;11439;1044;9.1;0;18;44;68;106;181;154;189;149;153;80;73;59399;567.4;...;…;1934379
2021.02.07.;5152;480;9.3;0;12;29;30;61;88;72;67;54;79;44;35;59897;565.7;...;…;1934379
2021.02.08.;3327;288;8.7;0;8;8;16;36;63;40;54;44;27;14;13;60117;569.1;...;…;1934379
2021.02.09.;13108;781;6;0;16;25;41;90;149;140;145;101;90;54;36;60798;573.7;...;…;1934379
2021.02.10.;12334;990;8;0;32;34;61;119;186;169;173;141;107;67;40;61889;567.8;...;…;1934379
2021.02.11.;12340;842;6.8;0;21;39;48;89;142;140;152;116;116;60;56;62844;561.4;...;…;1934379
2021.02.12.;12104;808;6.7;0;15;36;65;88;157;128;123;100;111;70;41;63757;554.9;...;…;1934379
2021.02.13.;10157;773;7.6;0;12;30;45;73;124;127;126;108;140;72;68;64528;554.3;...;…;1934379
2021.02.14.;4955;424;8.6;0;8;29;27;39;59;66;71;59;74;33;41;65046;548.6;...;…;1934379
2021.02.15.;3186;278;8.7;0;17;15;12;35;54;38;44;37;43;26;17;65450;541.6;...;…;1934379
2021.02.16.;12908;713;5.5;0;18;20;35;75;141;121;136;107;78;42;36;66208;538.4;...;…;1934379
2021.02.17.;12251;946;7.7;0;22;31;41;92;150;158;172;155;147;83;64;67408;523.4;...;…;1934379
2021.02.18.;10929;708;6.5;0;13;34;45;88;145;106;118;97;75;42;33;68119;521.6;...;…;1934379
2021.02.19.;10915;689;6.3;0;12;31;44;78;137;109;138;96;56;33;23;68967;511.8;...;…;1934379
2021.02.20.;11165;1069;9.6;0;5;30;70;116;197;179;205;135;137;75;62;69993;513.1;...;…;1934379
2021.02.21.;4819;410;8.5;0;4;11;29;56;67;69;75;42;61;42;19;70461;509.5;...;…;1934379
2021.02.22.;3334;274;8.2;0;4;12;16;30;53;56;50;31;26;19;7;70741;508.7;...;…;1934379
2021.02.23.;12678;669;5.3;0;24;24;27;85;162;107;117;92;55;32;23;71508;502.9;...;…;1934379
2021.02.24.;12591;983;7.8;0;17;29;52;95;182;146;182;164;133;76;57;72464;502.5;...;…;1934379
2021.02.25.;12232;813;6.6;0;6;36;46;84;141;129;154;127;96;52;44;73285;501;...;…;1934379
2021.02.26.;12715;725;5.7;0;8;34;44;80;133;135;118;96;85;47;38;74078;496.6;...;…;1934379
2021.02.27.;12088;827;6.8;0;13;43;56;113;151;144;130;96;94;55;39;74839;499.5;...;…;1934379
2021.02.28.;4839;376;7.8;0;4;16;29;42;61;52;78;47;51;24;27;75255;496.9;...;…;1934379
2021.03.01.;3451;272;7.9;0;3;9;13;35;61;47;46;33;28;21;7;75516;496.6;...;…;1934379
2021.03.02.;14225;645;4.5;0;17;36;32;62;125;129;119;87;55;46;9;76211;493.1;...;…;1934379
2021.03.03.;14339;919;6.4;0;16;53;48;88;147;168;166;128;121;85;36;77135;491.6;...;…;1934379
2021.03.04.;15156;646;4.3;0;12;23;40;73;130;126;104;91;59;28;31;77830;488.4;...;…;1934379
2021.03.05.;15923;746;4.7;0;14;36;40;92;130;130;127;108;83;47;36;78507;491.4;...;…;1934379
2021.03.06.;12859;595;4.6;0;7;40;42;75;121;93;87;74;63;48;15;79751;466.5;...;…;1934379
2021.03.07.;5226;322;6.2;0;8;15;21;39;60;50;53;45;39;20;19;79977;461.9;...;…;1934379
2021.03.08.;3214;194;6;0;4;13;7;20;39;33;32;26;24;15;9;80247;457.7;...;…;1934379
2021.03.09.;15633;472;3;0;6;28;28;54;111;74;76;67;34;18;16;80892;447.4;...;…;1934379
2021.03.10.;16705;639;3.8;0;21;22;38;53;117;112;114;103;80;48;32;81858;429.4;...;…;1934379
2021.03.11.;17483;638;3.6;0;11;24;36;64;128;116;126;89;55;30;25;82665;420.2;...;…;1934379
2021.03.12.;18026;632;3.5;0;9;36;56;61;113;107;114;75;70;40;30;83382;415.3;...;…;1934379
2021.03.13.;13870;578;4.2;0;11;30;38;63;112;96;99;89;51;37;14;84196;402.3;...;…;1934379
2021.03.14.;5990;297;5;0;10;21;20;24;57;45;52;40;38;23;15;84568;398.1;...;…;1934379
2021.03.15.;3635;178;4.9;0;2;14;11;25;38;25;22;21;22;16;6;84837;393.7;...;…;1934379
2021.03.16.;16419;643;3.9;0;8;30;37;63;115;110;126;92;70;36;34;85465;393.1;...;…;1934379
2021.03.17.;15915;818;5.1;0;12;37;54;71;163;138;150;107;98;64;34;86368;387.8;...;…;1934379
2021.03.18.;16008;482;3;0;12;18;38;62;79;72;86;84;43;29;14;87002;379.2;...;…;1934379
2021.03.19.;16904;622;3.7;0;10;25;35;67;126;97;92;107;73;48;25;87734;372.7;...;…;1934379
2021.03.20.;13840;625;4.5;0;10;24;63;73;106;113;112;86;48;30;18;88322;374.3;...;…;1934379
2021.03.21.;4931;260;5.3;0;5;16;16;29;49;35;39;49;27;16;11;88636;371;...;…;1934379
2021.03.22.;3266;177;5.4;0;2;11;16;19;39;33;22;14;23;15;8;88826;370.1;...;…;1934379
2021.03.23.;18614;508;2.7;0;12;26;35;52;69;86;107;66;67;33;34;89292;372;...;…;1934379
2021.03.24.;16899;776;4.6;0;11;34;46;89;143;139;136;125;64;45;19;89910;379.2;...;…;1934379
2021.03.25.;17518;606;3.5;0;13;24;45;76;110;94;114;72;71;41;30;90537;377.5;...;…;1934379
2021.03.26.;17881;638;3.6;0;3;30;38;83;136;92;113;85;61;34;27;91160;377.8;...;…;1934379
2021.03.27.;14627;602;4.1;0;5;27;32;70;93;100;116;81;83;52;31;91727;379.1;...;…;1934379
2021.03.28.;4591;324;7.1;0;6;10;27;41;83;46;45;36;36;16;20;92014;380.5;...;…;1934379
2021.03.29.;3517;167;4.7;0;5;3;9;25;40;27;29;16;18;10;8;92190;379.9;...;…;1934379
2021.03.30.;18937;526;2.8;0;10;12;34;71;94;94;98;71;52;30;22;92825;373.8;...;…;1934379
2021.03.31.;16080;630;3.9;0;6;28;43;55;116;103;103;101;78;46;32;93631;364;...;…;1934379
2021.04.01.;18174;638;3.5;0;14;24;46;78;107;109;121;79;74;45;29;94101;372.1;...;…;1934379
2021.04.02.;17046;587;3.4;0;9;19;52;84;108;93;89;82;60;41;19;94713;370.3;...;…;1934379
2021.04.03.;4324;279;6.5;0;1;18;20;31;65;45;38;36;26;19;7;95328;352.2;...;…;1934379
2021.04.04.;4196;238;5.7;0;8;6;12;31;39;45;45;24;36;22;14;95561;351;...;…;1934379
2021.04.05.;3139;119;3.8;0;3;6;4;12;30;24;15;17;11;7;4;95758;348;...;…;1934379
2021.04.06.;4987;309;6.2;0;3;13;21;48;63;58;51;31;24;17;7;96254;337.5;...;…;1934379
2021.04.07.;23143;643;2.8;0;9;16;34;61;111;127;114;107;72;48;24;97019;330.6;...;…;1934379
2021.04.08.;24155;740;3.1;0;17;22;55;105;152;108;133;107;58;32;26;97612;337.6;...;…;1934379
2021.04.09.;18589;658;3.5;0;18;33;46;88;128;124;111;78;50;28;22;98247;338.6;...;…;1934379
2021.04.10.;16852;666;4;0;5;29;57;80;135;92;106;105;62;41;21;98844;342;...;…;1934379
2021.04.11.;5386;368;6.8;0;0;11;37;49;59;52;74;45;41;22;19;99162;344.3;...;…;1934379
2021.04.12.;3209;210;6.5;0;4;3;17;22;49;26;34;39;20;12;8;99324;346.5;...;…;1934379
2021.04.13.;20618;537;2.6;0;12;14;34;65;92;93;107;84;48;35;13;99840;347.1;...;…;1934379
2021.04.14.;18932;733;3.9;0;17;25;44;93;122;124;136;104;85;48;37;100464;352.5;...;…;1934379
2021.04.15.;17233;643;3.7;0;11;23;58;88;128;103;112;77;54;31;23;101088;352.8;...;…;1934379
2021.04.16.;16373;612;3.7;0;12;25;52;81;106;105;100;86;57;32;25;101666;354.1;...;…;1934379
2021.04.17.;15192;654;4.3;0;6;33;62;96;110;109;103;78;63;38;25;101944;373.8;...;…;1934379
2021.04.18.;4801;337;7;0;5;24;15;40;65;54;54;42;43;28;15;102174;378.9;...;…;1934379
2021.04.19.;2683;202;7.5;0;3;9;14;26;37;45;25;27;19;12;7;102290;383.3;...;…;1934379
2021.04.20.;18656;688;3.7;0;15;26;63;87;125;131;117;84;55;38;17;102596;403.2;...;…;1934379
2021.04.21.;19150;759;4;0;8;32;59;106;149;142;132;80;59;36;23;103230;409.2;...;…;1934379
2021.04.22.;17164;578;3.4;0;9;31;47;70;123;99;88;75;45;28;17;103953;400.7;...;…;1934379
2021.04.23.;15300;683;4.5;0;6;39;53;79;125;114;110;95;68;40;28;104593;402.1;...;…;1934379
2021.04.24.;14961;711;4.8;0;7;34;63;95;158;124;98;79;60;37;23;105254;404.4;...;…;1934379
2021.04.25.;5439;361;6.6;0;1;20;30;35;95;62;48;41;30;19;11;105622;404.1;...;…;1934379
2021.04.26.;3461;220;6.4;0;4;8;15;23;53;43;31;20;27;12;15;105828;404.6;...;…;1934379
2021.04.27.;19951;596;3;0;4;23;34;85;121;108;108;76;41;27;14;106353;407.7;...;…;1934379
2021.04.28.;18698;967;5.2;0;8;57;71;123;189;175;156;127;69;42;27;107069;419.9;...;…;1934379
2021.04.29.;18021;696;3.9;0;7;28;58;100;123;122;110;94;61;38;23;107701;422.7;...;…;1934379
2021.04.30.;16474;763;4.6;0;6;44;75;99;147;142;120;93;43;29;14;108301;430.6;...;…;1934379
2021.05.01.;12637;812;6.4;0;8;41;75;85;144;136;147;114;70;40;30;108949;438.9;...;…;1934379
2021.05.02.;3578;380;10.6;0;5;25;45;42;76;63;55;42;32;29;3;109281;441.2;...;…;1934379
2021.05.03.;2571;203;7.9;0;10;11;19;30;54;25;25;19;20;15;5;109480;441.2;...;…;1934379
2021.05.04.;5517;425;7.7;0;5;32;33;51;86;68;68;48;39;22;17;110153;427.4;...;…;1934379
2021.05.05.;3883;358;9.2;0;7;11;25;54;79;56;67;40;26;15;11;110904;406.4;...;…;1934379
2021.05.06.;23852;773;3.2;0;12;29;63;92;169;129;117;113;61;40;21;111473;416.6;...;…;1934379
2021.05.07.;18511;1036;5.6;0;19;44;82;133;198;176;155;142;106;65;41;112150;435.1;...;…;1934379
2021.05.08.;18694;786;4.2;0;11;32;70;110;140;143;116;114;61;38;23;112854;439.1;...;…;1934379
2021.05.09.;18767;632;3.4;0;4;34;90;70;111;103;88;80;56;34;22;113214;453.3;...;…;1934379
2021.05.10.;5769;338;5.9;0;1;17;50;32;64;50;49;38;38;25;13;113430;459.5;...;…;1934379
2021.05.11.;17957;659;3.7;0;4;23;57;90;99;123;110;87;70;41;29;114022;462.8;...;…;1934379
2021.05.12.;14603;729;5;0;6;23;45;77;136;131;122;108;87;58;29;114981;450.3;...;…;1934379
2021.05.13.;16417;698;4.2;0;17;34;57;104;125;129;89;88;72;46;26;115670;450.4;...;…;1934379
2021.05.14.;15153;666;4.4;0;8;30;54;83;118;95;111;102;73;39;34;116427;445.3;...;…;1934379
2021.05.15.;14560;544;3.7;0;9;18;56;68;102;95;101;69;35;23;12;117231;431.3;...;…;1934379
2021.05.16.;5590;381;6.8;0;9;20;33;52;64;54;61;50;47;32;15;117606;431.3;...;…;1934379
2021.05.17.;4112;147;3.6;0;3;2;13;13;43;23;24;13;16;9;7;117799;428.4;...;…;1934379
2021.05.18.;18493;563;3;0;11;27;50;55;108;84;98;78;63;37;26;118219;435.6;...;…;1934379
2021.05.19.;14728;609;4.1;0;18;23;43;63;103;107;112;85;73;41;32;118570;448.8;...;…;1934379
2021.05.20.;16546;497;3;0;3;22;42;46;95;90;86;69;47;31;16;119331;434.3;...;…;1934379
2021.05.21.;15458;477;3.1;0;8;13;42;55;90;86;88;49;54;34;20;120348;405;...;…;1934379
2021.05.22.;14100;441;3.1;0;14;24;35;39;75;67;82;64;55;29;26;121123;386.9;...;…;1934379
2021.05.23.;4742;233;4.9;0;3;13;17;21;35;43;45;35;24;14;10;121751;366;...;…;1934379
2021.05.24.;3898;134;3.4;0;2;9;5;19;29;17;22;19;14;6;8;122088;355.3;...;…;1934379
2021.05.25.;16463;435;2.6;0;14;10;36;57;97;79;77;49;30;23;7;122743;343.6;...;…;1934379
2021.05.26.;12790;396;3.1;0;6;21;36;54;79;59;56;43;48;29;19;123466;326.1;...;…;1934379
2021.05.27.;13512;348;2.6;0;7;18;35;45;71;55;40;37;47;26;21;124147;307.8;...;…;1934379
2021.05.28.;14870;354;2.4;0;4;10;35;44;64;60;59;51;31;18;13;124805;291.4;...;…;1934379
2021.05.29.;10929;306;2.8;0;11;21;42;27;66;40;47;31;32;20;12;125340;278.9;...;…;1934379
2021.05.30.;4377;180;4.1;0;0;10;18;17;39;31;33;16;16;10;6;125712;268.4;...;…;1934379
2021.05.31.;3297;101;3.1;0;6;7;9;8;19;11;22;9;16;9;7;125856;266;...;…;1934379
2021.06.01.;14546;319;2.2;0;3;24;35;51;52;42;55;34;26;19;7;126408;255.1;...;…;1934379
2021.06.02.;10427;348;3.3;0;7;14;36;40;72;62;47;46;31;17;14;126999;241.3;...;…;1934379
2021.06.03.;11679;296;2.5;0;6;17;32;35;53;47;46;37;29;20;9;127483;230.7;...;…;1934379
2021.06.04.;10774;259;2.4;0;10;9;22;38;55;39;42;28;26;15;11;127962;219.2;...;…;1934379
2021.06.05.;9367;256;2.7;0;5;11;28;23;36;39;49;40;30;14;16;128389;209.4;...;…;1934379
2021.06.06.;5696;135;2.4;0;6;6;18;19;18;21;18;22;13;7;6;128619;204.3;...;…;1934379
2021.06.07.;2894;76;2.6;0;0;4;4;6;14;7;14;17;10;7;3;128751;201.2;...;…;1934379
2021.06.08.;12773;256;2;0;10;13;24;34;43;33;46;35;28;19;9;129172;191.7;...;…;1934379
2021.06.09.;12810;244;1.9;0;5;12;27;25;34;45;38;28;35;20;15;129562;183.7;...;…;1934379
2021.06.10.;10080;196;1.9;0;15;13;22;14;36;27;30;30;24;11;13;129903;175.7;...;…;1934379
2021.06.11.;10362;178;1.7;0;6;4;21;13;40;20;38;18;24;13;11;130253;166.4;...;…;1934379
2021.06.12.;8682;178;2;0;2;8;16;28;37;22;22;26;19;13;6;130548;159.6;...;…;1934379
2021.06.13.;6466;90;1.4;0;5;12;10;7;15;14;6;13;13;8;5;130628;154.9;...;…;1934379
2021.06.14.;3409;74;2.2;0;0;1;6;8;9;19;17;4;10;5;5;130823;153.4;...;…;1934379
2021.06.15.;11452;143;1.2;0;8;8;17;12;20;26;25;14;21;10;11;131139;144.1;...;…;1934379
2021.06.16.;9053;156;1.7;0;11;3;19;20;27;24;29;17;17;13;4;131480;134;...;…;1934379
2021.06.17.;9644;141;1.5;0;7;7;13;25;20;26;17;11;22;15;7;131770;125.8;...;…;1934379
2021.06.18.;9922;108;1.1;0;3;5;10;14;22;11;17;15;14;10;4;132019;117.8;...;…;1934379
2021.06.19.;8381;84;1;0;8;5;12;9;14;15;17;4;8;6;2;132270;108.8;...;…;1934379
2021.06.20.;5023;74;1.5;0;3;3;4;12;15;10;6;15;9;2;7;132399;105.5;...;…;1934379
2021.06.21.;3159;40;1.3;0;0;0;7;8;5;8;4;3;5;2;3;132475;103.6;...;…;1934379
2021.06.22.;8333;125;1.5;0;1;9;13;16;18;19;24;16;10;7;3;132721;96.7;...;…;1934379
2021.06.23.;5829;102;1.7;0;0;2;5;16;19;17;24;7;12;7;5;132960;89.2;...;…;1934379
2021.06.24.;2246;33;1.5;0;3;2;2;7;7;4;4;4;3;0;3;133141;80.6;...;…;1934379
2021.06.25.;2361;20;0.8;0;1;0;2;4;5;2;2;4;1;0;1;133313;72.3;...;…;1934379
2021.06.26.;5332;39;0.7;0;2;1;6;6;3;7;2;8;6;3;3;133489;64.9;...;…;1934379
2021.06.27.;7924;41;0.5;0;0;2;2;2;11;8;5;4;7;4;3;133574;62.3;...;…;1934379
2021.06.28.;4023;30;0.7;0;0;1;6;4;7;5;3;1;3;2;1;133648;60;...;…;1934379
2021.06.29.;11409;89;0.8;0;5;7;17;13;14;12;13;7;6;2;4;133783;57.2;...;…;1934379
2021.06.30.;8694;100;1.2;0;5;6;14;7;14;13;12;14;20;11;9;133928;54.2;...;…;1934379
2021.07.01.;8565;71;0.8;0;7;3;9;6;15;15;9;7;7;5;2;134062;50.5;...;…;1934379
2021.07.02.;7598;40;0.5;0;6;1;8;4;6;4;3;6;8;7;1;134167;46.9;...;…;1934379
2021.07.03.;9545;60;0.6;0;0;3;3;9;6;17;9;6;7;4;3;134243;45.6;...;…;1934379
2021.07.04.;7418;31;0.4;0;2;0;8;7;5;5;0;4;2;2;0;134314;43.4;...;…;1934379
2021.07.05.;3456;22;0.6;0;0;0;5;5;0;3;3;4;2;2;0;134354;42.4;...;…;1934379
2021.07.06.;8803;46;0.5;0;3;2;4;6;14;6;2;10;2;2;0;134478;38.2;...;…;1934379
2021.07.07.;6891;48;0.7;0;3;4;3;5;8;9;6;5;8;6;2;134580;35.4;...;…;1934379
2021.07.08.;6700;50;0.7;0;1;9;4;8;4;11;7;5;2;2;0;134610;36.3;...;…;1934379
2021.07.09.;6972;34;0.5;0;1;4;2;5;6;3;5;4;5;2;3;134629;37;...;…;1934379
2021.07.10.;9065;32;0.4;0;0;0;5;4;4;5;8;3;3;2;1;134633;36.7;...;…;1934379
2021.07.11.;6907;36;0.5;0;0;4;1;2;17;5;4;1;2;0;2;134673;36.4;...;…;1934379
2021.07.12.;3602;18;0.5;0;0;2;0;3;4;4;0;2;3;2;1;134703;35.8;...;…;1934379
2021.07.13.;8384;53;0.6;0;2;1;6;12;12;8;8;5;1;1;0;134821;33.9;...;…;1934379
2021.07.14.;7168;34;0.5;0;2;2;2;9;12;2;4;2;1;0;1;134916;30.4;...;…;1934379
2021.07.15.;6651;37;0.6;0;1;0;4;9;6;2;6;4;6;5;1;134980;28.6;...;…;1934379
2021.07.16.;7678;46;0.6;0;0;2;4;10;7;5;9;5;4;2;2;135014;28.9;...;…;1934379
2021.07.17.;9832;39;0.4;0;1;0;7;8;9;4;6;4;1;0;1;135074;27.8;...;…;1934379
2021.07.18.;7321;33;0.5;0;0;4;6;9;8;2;3;1;0;0;0;135103;27.9;...;…;1934379
2021.07.19.;3316;25;0.8;0;1;0;8;5;3;5;3;1;0;0;0;135125;28;...;…;1934379
2021.07.20.;7944;54;0.7;0;4;0;6;17;5;12;8;4;2;1;1;135168;28.5;...;…;1934379
2021.07.21.;6771;62;0.9;0;2;8;13;8;8;5;12;3;5;3;2;135213;29.2;...;…;1934379
2021.07.22.;6779;44;0.6;0;0;3;6;6;9;7;10;1;2;1;1;135262;28.9;...;…;1934379
2021.07.23.;7985;38;0.5;0;0;1;2;12;9;7;3;3;1;0;1;135295;29.1;...;…;1934379
2021.07.24.;10575;43;0.4;0;1;2;9;7;9;3;9;2;2;2;0;135326;29.7;...;…;1934379
2021.07.25.;6915;56;0.8;0;0;3;6;15;10;8;8;3;3;2;1;135362;30.7;...;…;1934379
2021.07.26.;3381;23;0.7;0;0;1;2;3;12;3;1;0;1;1;0;135380;31;...;…;1934379
2021.07.27.;8102;68;0.8;0;2;5;7;18;16;11;7;2;2;2;0;135431;31.8;...;…;1934379
2021.07.28.;6881;78;1.1;0;2;2;8;18;20;14;7;4;5;4;1;135463;34.1;...;…;1934379
2021.07.29.;6974;67;1;0;0;3;6;14;17;8;8;7;4;2;2;135499;35.7;...;…;1934379
2021.07.30.;7308;82;1.1;0;2;6;9;15;16;15;8;6;7;2;5;135545;37.6;...;…;1934379
2021.07.31.;11303;64;0.6;0;0;3;9;5;19;12;6;4;6;4;2;135583;38.9;...;…;1934379
2021.08.01.;8329;36;0.4;0;0;1;6;7;7;3;4;7;1;0;1;135616;39.1;...;…;1934379
2021.08.02.;3799;26;0.7;0;0;1;7;7;7;3;1;0;0;0;0;135640;39.1;...;…;1934379
2021.08.03.;8640;112;1.3;0;0;2;9;20;30;14;20;10;7;6;1;135690;42.2;...;…;1934379
2021.08.04.;7088;97;1.4;0;2;7;16;18;13;20;8;9;6;3;3;135750;44.1;...;…;1934379
2021.08.05.;6504;70;1.1;0;0;4;8;11;16;15;6;6;4;1;3;135795;45.4;...;…;1934379
2021.08.06.;7385;80;1.1;0;1;5;9;10;20;12;14;5;5;3;2;135833;47.6;...;…;1934379
2021.08.07.;10240;63;0.6;0;0;4;9;10;14;12;5;8;1;1;0;135875;48.7;...;…;1934379
2021.08.08.;8501;74;0.9;0;0;2;8;9;22;15;3;8;7;4;3;135931;49.7;...;…;1934379
2021.08.09.;3606;41;1.1;0;0;4;5;4;12;9;3;2;2;2;0;135954;50.6;...;…;1934379
2021.08.10.;8839;125;1.4;0;2;4;16;20;29;24;12;11;9;3;6;136020;53.6;95;30;1934379
2021.08.11.;7590;120;1.6;0;0;5;20;17;25;15;17;12;9;6;3;136096;55.8;100;20;1934379
2021.08.12.;7759;107;1.4;0;0;8;7;16;16;23;16;9;12;7;5;136163;57.9;87;20;1934379
2021.08.13.;8135;127;1.6;0;0;11;21;18;27;16;17;6;11;7;4;136243;60.3;109;18;1934379
2021.08.14.;11084;108;1;0;0;13;12;16;20;21;10;9;7;4;3;136307;62.6;91;17;1934379
2021.08.15.;8290;73;0.9;0;0;10;12;6;13;11;10;7;4;4;0;136343;64.6;63;10;1934379
2021.08.16.;4357;49;1.1;0;2;2;8;5;9;10;8;4;3;2;1;136369;65.8;39;10;1934379